image_path,plant_pixels,river_pixels,plant_fraction,label
Pasig_Area10_IMG795.jpg,449631,181923,0.0282,No Growth
Pasig_Area10_IMG796.jpg,563250,370714,0.0354,No Growth
Pasig_Area10_IMG797.jpg,370064,799247,0.0232,No Growth
Pasig_Area10_IMG798.jpg,371310,660881,0.0233,No Growth
Pasig_Area10_IMG799.jpg,397493,553133,0.0250,No Growth
Pasig_Area10_IMG800.jpg,700277,123389,0.0584,Low Growth
Pasig_Area10_IMG801.jpg,403863,86681,0.0337,No Growth
Pasig_Area10_IMG802.jpg,412653,91955,0.0344,No Growth
Pasig_Area10_IMG803.jpg,511256,211676,0.0426,No Growth
Pasig_Area10_IMG804.jpg,520071,206123,0.0433,No Growth
Pasig_Area10_IMG805.jpg,473452,206803,0.0395,No Growth
Pasig_Area10_IMG806.jpg,462310,203052,0.0385,No Growth
Pasig_Area10_IMG807.jpg,454562,190438,0.0379,No Growth
Pasig_Area10_IMG808.jpg,482742,166123,0.0402,No Growth
Pasig_Area10_IMG809.jpg,514555,164258,0.0429,No Growth
Pasig_Area10_IMG810.jpg,538251,165918,0.0449,No Growth
Pasig_Area10_IMG811.jpg,542048,155841,0.0452,No Growth
Pasig_Area10_IMG812.jpg,512730,190755,0.0427,No Growth
Pasig_Area10_IMG813.jpg,515421,215145,0.0430,No Growth
Pasig_Area10_IMG814.jpg,572754,212887,0.0477,No Growth
Pasig_Area10_IMG815.jpg,554932,219899,0.0462,No Growth
Pasig_Area10_IMG816.jpg,534642,202280,0.0446,No Growth
Pasig_Area10_IMG817.jpg,527691,184719,0.0440,No Growth
Pasig_Area10_IMG818.jpg,507234,185422,0.0423,No Growth
Pasig_Area10_IMG819.jpg,527688,191008,0.0440,No Growth
Pasig_Area10_IMG820.jpg,541039,170969,0.0451,No Growth
Pasig_Area10_IMG821.jpg,548214,182307,0.0457,No Growth
Pasig_Area10_IMG822.jpg,545005,181290,0.0454,No Growth
Pasig_Area10_IMG823.jpg,840206,259928,0.0700,Low Growth
Pasig_Area10_IMG824.jpg,773907,181508,0.0645,Low Growth
Pasig_Area10_IMG825.jpg,556913,145309,0.0464,No Growth
Pasig_Area10_IMG826.jpg,575448,147825,0.0480,No Growth
Pasig_Area10_IMG827.jpg,510254,200239,0.0425,No Growth
Pasig_Area10_IMG828.jpg,429053,154063,0.0358,No Growth
Pasig_Area10_IMG829.jpg,287454,66133,0.0240,No Growth
Pasig_Area10_IMG830.jpg,418006,59231,0.0348,No Growth
Pasig_Area10_IMG831.jpg,433874,70407,0.0362,No Growth
Pasig_Area11_IMG832.jpg,736167,252081,0.0613,Low Growth
Pasig_Area11_IMG833.jpg,1471142,152299,0.1226,Low Growth
Pasig_Area11_IMG834.jpg,2286162,48504,0.1905,Moderate Growth
Pasig_Area11_IMG835.jpg,1280001,91278,0.1067,Low Growth
Pasig_Area11_IMG836.jpg,2149068,33800,0.1791,Moderate Growth
Pasig_Area11_IMG837.jpg,1551112,53950,0.1293,Low Growth
Pasig_Area11_IMG838.jpg,2412058,44114,0.2010,Moderate Growth
Pasig_Area11_IMG839.jpg,2968845,40498,0.2474,Moderate Growth
Pasig_Area11_IMG840.jpg,3766776,133614,0.3139,Moderate Growth
Pasig_Area11_IMG841.jpg,379439,46849,0.0316,No Growth
Pasig_Area11_IMG842.jpg,601481,73376,0.0501,Low Growth
Pasig_Area11_IMG843.jpg,698334,590,0.0439,No Growth
Pasig_Area11_IMG844.jpg,641714,24267,0.0403,No Growth
Pasig_Area11_IMG845.jpg,614495,21732,0.0386,No Growth
Pasig_Area12_IMG846.jpg,903537,771203,0.0567,Low Growth
Pasig_Area12_IMG847.jpg,1020165,955085,0.0641,Low Growth
Pasig_Area12_IMG848.jpg,859109,90987,0.0716,Low Growth
Pasig_Area12_IMG849.jpg,3011113,27345,0.2509,Moderate Growth
Pasig_Area12_IMG850.jpg,3275925,25516,0.2730,Moderate Growth
Pasig_Area12_IMG851.jpg,3000504,81975,0.2500,Moderate Growth
Pasig_Area12_IMG852.jpg,2476009,385,0.2063,Moderate Growth
Pasig_Area12_IMG853.jpg,3817075,697,0.3181,Moderate Growth
Pasig_Area12_IMG854.jpg,2749759,3136,0.2291,Moderate Growth
Pasig_Area12_IMG855.jpg,2423226,13668,0.2019,Moderate Growth
Pasig_Area12_IMG856.jpg,2046126,52868,0.1705,Moderate Growth
Pasig_Area12_IMG857.jpg,1267856,52235,0.1057,Low Growth
Pasig_Area12_IMG858.jpg,1750499,52913,0.1459,Low Growth
Pasig_Area12_IMG859.jpg,1129854,43886,0.0942,Low Growth
Pasig_Area12_IMG860.jpg,839202,70995,0.0699,Low Growth
Pasig_Area12_IMG861.jpg,1569209,9173,0.1308,Low Growth
Pasig_Area12_IMG862.jpg,858264,306766,0.0539,Low Growth
Pasig_Area12_IMG863.jpg,651452,290574,0.0409,No Growth
Pasig_Area12_IMG864.jpg,654676,169519,0.0411,No Growth
Pasig_Area12_IMG865.jpg,698387,329805,0.0439,No Growth
Pasig_Area12_IMG866.jpg,612825,338163,0.0385,No Growth
Pasig_Area12_IMG867.jpg,1490305,272594,0.1242,Low Growth
Pasig_Area12_IMG868.jpg,1491241,260263,0.1243,Low Growth
Pasig_Area12_IMG869.jpg,1601247,266242,0.1334,Low Growth
Pasig_Area12_IMG870.jpg,1788321,13639,0.1490,Low Growth
Pasig_Area12_IMG871.jpg,2511234,36105,0.2093,Moderate Growth
Pasig_Area12_IMG872.jpg,2130555,36777,0.1775,Moderate Growth
Pasig_Area12_IMG873.jpg,2434485,73672,0.2029,Moderate Growth
Pasig_Area12_IMG874.jpg,3444598,49731,0.2870,Moderate Growth
Pasig_Area12_IMG875.jpg,3242273,46858,0.2702,Moderate Growth
Pasig_Area12_IMG876.jpg,1281532,151466,0.1068,Low Growth
Pasig_Area12_IMG877.jpg,826672,200077,0.0689,Low Growth
Pasig_Area12_IMG878.jpg,1291031,225223,0.1076,Low Growth
Pasig_Area12_IMG879.jpg,816078,211160,0.0680,Low Growth
Pasig_Area12_IMG880.jpg,2745464,15815,0.2288,Moderate Growth
Pasig_Area12_IMG881.jpg,2706944,22,0.2256,Moderate Growth
Pasig_Area12_IMG882.jpg,2232032,982730,0.1860,Moderate Growth
Pasig_Area12_IMG883.jpg,1435096,463445,0.1196,Low Growth
Pasig_Area12_IMG884.jpg,1727432,802762,0.1440,Low Growth
Pasig_Area12_IMG885.jpg,1560714,510788,0.1301,Low Growth
Pasig_Area12_IMG886.jpg,4100253,8,0.3417,Moderate Growth
Pasig_Area12_IMG887.jpg,4143523,0,0.3453,Moderate Growth
Pasig_Area12_IMG888.jpg,2464768,183,0.2054,Moderate Growth
Pasig_Area12_IMG889.jpg,945268,189989,0.0788,Low Growth
Pasig_Area12_IMG890.jpg,421588,6995,0.0351,No Growth
Pasig_Area12_IMG891.jpg,4740833,599157,0.3951,Moderate Growth
Pasig_Area12_IMG892.jpg,3405302,684211,0.2838,Moderate Growth
Pasig_Area12_IMG893.jpg,2815395,763302,0.2346,Moderate Growth
Pasig_Area12_IMG894.jpg,1063178,690126,0.0668,Low Growth
Pasig_Area12_IMG895.jpg,2006822,1617531,0.1672,Moderate Growth
Pasig_Area12_IMG896.jpg,1916442,44768,0.1597,Moderate Growth
Pasig_Area12_IMG897.jpg,2301597,34313,0.1918,Moderate Growth
Pasig_Area12_IMG898.jpg,1126258,65494,0.0939,Low Growth
Pasig_Area12_IMG899.jpg,1677969,92148,0.1398,Low Growth
Pasig_Area12_IMG900.jpg,2910668,4391,0.2426,Moderate Growth
Pasig_Area12_IMG901.jpg,1803759,2778,0.1503,Moderate Growth
Pasig_Area12_IMG902.jpg,5004347,13690,0.4170,Large Growth
Pasig_Area12_IMG903.jpg,3682332,224665,0.3069,Moderate Growth
Pasig_Area12_IMG904.jpg,2672550,288935,0.2227,Moderate Growth
Pasig_Area12_IMG905.jpg,917316,131279,0.0764,Low Growth
Pasig_Area12_IMG906.jpg,1808177,413450,0.1507,Moderate Growth
Pasig_Area12_IMG907.jpg,1437179,276055,0.1198,Low Growth
Pasig_Area12_IMG908.jpg,1148967,352784,0.0957,Low Growth
Pasig_Area12_IMG909.jpg,60953,0,0.0051,No Growth
Pasig_Area12_IMG910.jpg,919800,39331,0.0578,Low Growth
Pasig_Area12_IMG911.jpg,1125703,77476,0.0707,Low Growth
Pasig_Area12_IMG912.jpg,935715,87204,0.0588,Low Growth
Pasig_Area12_IMG913.jpg,1826740,545067,0.1147,Low Growth
Pasig_Area12_IMG914.jpg,1903892,868756,0.1196,Low Growth
Pasig_Area12_IMG915.jpg,2127922,94905,0.1336,Low Growth
Pasig_Area12_IMG916.jpg,1351917,101271,0.0849,Low Growth
Pasig_Area12_IMG917.jpg,2444785,120107,0.1535,Moderate Growth
Pasig_Area12_IMG918.jpg,946165,67885,0.0594,Low Growth
Pasig_Area12_IMG919.jpg,1096538,148368,0.0689,Low Growth
Pasig_Area12_IMG920.jpg,1181296,80573,0.0984,Low Growth
Pasig_Area12_IMG921.jpg,1095979,94860,0.0913,Low Growth
Pasig_Area12_IMG922.jpg,962387,60724,0.0802,Low Growth
Pasig_Area12_IMG923.jpg,1142437,70635,0.0952,Low Growth
Pasig_Area12_IMG924.jpg,1031890,59512,0.0860,Low Growth
Pasig_Area12_IMG925.jpg,934447,26061,0.0779,Low Growth
Pasig_Area12_IMG926.jpg,997029,10891,0.0831,Low Growth
Pasig_Area12_IMG927.jpg,1186806,100672,0.0989,Low Growth
Pasig_Area12_IMG928.jpg,1126535,46802,0.0939,Low Growth
Pasig_Area12_IMG929.jpg,1263243,86008,0.1053,Low Growth
Pasig_Area12_IMG930.jpg,1352855,88319,0.1127,Low Growth
Pasig_Area12_IMG931.jpg,1041821,39426,0.0868,Low Growth
Pasig_Area12_IMG932.jpg,1383419,203105,0.1153,Low Growth
Pasig_Area12_IMG933.jpg,572551,560418,0.0717,Low Growth
Pasig_Area13_IMG934.jpg,1555678,422293,0.1296,Low Growth
Pasig_Area13_IMG935.jpg,1296718,219384,0.1081,Low Growth
Pasig_Area13_IMG936.jpg,1422232,102946,0.1185,Low Growth
Pasig_Area13_IMG937.jpg,1075132,218616,0.0896,Low Growth
Pasig_Area13_IMG938.jpg,1274400,168367,0.1062,Low Growth
Pasig_Area13_IMG939.jpg,1222690,281942,0.1019,Low Growth
Pasig_Area13_IMG940.jpg,711495,1022649,0.0593,Low Growth
Pasig_Area13_IMG941.jpg,492199,217393,0.0410,No Growth
Pasig_Area13_IMG942.jpg,585370,131456,0.0488,No Growth
Pasig_Area13_IMG943.jpg,838180,63640,0.0698,Low Growth
Pasig_Area13_IMG944.jpg,1170678,2831,0.0976,Low Growth
Pasig_Area13_IMG945.jpg,1094120,14339,0.0912,Low Growth
Pasig_Area13_IMG946.jpg,452423,155409,0.0377,No Growth
Pasig_Area13_IMG947.jpg,1259406,69567,0.1050,Low Growth
Pasig_Area13_IMG948.jpg,1824812,203356,0.1521,Moderate Growth
Pasig_Area13_IMG949.jpg,1024821,24629,0.0854,Low Growth
Pasig_Area13_IMG950.jpg,2080077,111382,0.1733,Moderate Growth
Pasig_Area13_IMG951.jpg,466778,288654,0.0584,Low Growth
Pasig_Area13_IMG952.jpg,82917,267210,0.0104,No Growth
Pasig_Area13_IMG953.jpg,227657,195629,0.0285,No Growth
Pasig_Area14_IMG1000.jpg,4314887,920496,0.3596,Moderate Growth
Pasig_Area14_IMG1001.jpg,227837,537278,0.0190,No Growth
Pasig_Area14_IMG1002.jpg,259096,624051,0.0216,No Growth
Pasig_Area14_IMG1003.jpg,428402,494984,0.0357,No Growth
Pasig_Area14_IMG1004.jpg,535911,451040,0.0447,No Growth
Pasig_Area14_IMG1005.jpg,94639,567692,0.0079,No Growth
Pasig_Area14_IMG1006.jpg,94497,522469,0.0079,No Growth
Pasig_Area14_IMG954.jpg,9487804,38038,0.7907,Large Growth
Pasig_Area14_IMG955.jpg,9520952,33732,0.7934,Large Growth
Pasig_Area14_IMG956.jpg,9332192,37334,0.7777,Large Growth
Pasig_Area14_IMG957.jpg,9220998,39116,0.7684,Large Growth
Pasig_Area14_IMG958.jpg,9363308,28194,0.7803,Large Growth
Pasig_Area14_IMG959.jpg,9237970,27510,0.7698,Large Growth
Pasig_Area14_IMG960.jpg,9231028,31464,0.7693,Large Growth
Pasig_Area14_IMG961.jpg,9225496,29446,0.7688,Large Growth
Pasig_Area14_IMG962.jpg,9039128,30023,0.7533,Large Growth
Pasig_Area14_IMG963.jpg,8899509,29940,0.7416,Large Growth
Pasig_Area14_IMG964.jpg,4812776,281343,0.4011,Large Growth
Pasig_Area14_IMG965.jpg,4831388,289452,0.4026,Large Growth
Pasig_Area14_IMG966.jpg,4876919,290956,0.4064,Large Growth
Pasig_Area14_IMG967.jpg,4791350,305916,0.3993,Moderate Growth
Pasig_Area14_IMG968.jpg,4701105,363055,0.3918,Moderate Growth
Pasig_Area14_IMG969.jpg,4649700,381280,0.3875,Moderate Growth
Pasig_Area14_IMG970.jpg,4630617,381288,0.3859,Moderate Growth
Pasig_Area14_IMG971.jpg,4637758,394802,0.3865,Moderate Growth
Pasig_Area14_IMG972.jpg,4457465,440314,0.3715,Moderate Growth
Pasig_Area14_IMG973.jpg,4474825,458507,0.3729,Moderate Growth
Pasig_Area14_IMG974.jpg,4417598,476584,0.3681,Moderate Growth
Pasig_Area14_IMG975.jpg,4448660,501162,0.3707,Moderate Growth
Pasig_Area14_IMG976.jpg,4530439,562532,0.3775,Moderate Growth
Pasig_Area14_IMG977.jpg,4616184,573764,0.3847,Moderate Growth
Pasig_Area14_IMG978.jpg,4457544,607564,0.3715,Moderate Growth
Pasig_Area14_IMG979.jpg,4491987,666569,0.3743,Moderate Growth
Pasig_Area14_IMG980.jpg,4565670,693543,0.3805,Moderate Growth
Pasig_Area14_IMG981.jpg,4467740,651530,0.3723,Moderate Growth
Pasig_Area14_IMG982.jpg,4326537,689575,0.3605,Moderate Growth
Pasig_Area14_IMG983.jpg,4431908,675073,0.3693,Moderate Growth
Pasig_Area14_IMG984.jpg,4407064,744064,0.3673,Moderate Growth
Pasig_Area14_IMG985.jpg,4411584,764285,0.3676,Moderate Growth
Pasig_Area14_IMG986.jpg,21487,295238,0.0018,No Growth
Pasig_Area14_IMG987.jpg,21686,223330,0.0018,No Growth
Pasig_Area14_IMG988.jpg,17306,229407,0.0014,No Growth
Pasig_Area14_IMG989.jpg,15259,114013,0.0013,No Growth
Pasig_Area14_IMG990.jpg,14787,79249,0.0012,No Growth
Pasig_Area14_IMG991.jpg,14365,93682,0.0012,No Growth
Pasig_Area14_IMG992.jpg,17266,19397,0.0014,No Growth
Pasig_Area14_IMG993.jpg,483505,578506,0.0403,No Growth
Pasig_Area14_IMG994.jpg,443217,433723,0.0369,No Growth
Pasig_Area14_IMG995.jpg,437962,560397,0.0365,No Growth
Pasig_Area14_IMG997.jpg,283730,482156,0.0236,No Growth
Pasig_Area14_IMG998.jpg,15478,48216,0.0013,No Growth
Pasig_Area14_IMG999.jpg,41743,112322,0.0035,No Growth
Pasig_Area1_IMG006.jpg,5521989,3364799,0.4602,Large Growth
Pasig_Area1_IMG010.jpg,184851,959060,0.0154,No Growth
Pasig_Area1_IMG011.jpg,2204336,1156094,0.1837,Moderate Growth
Pasig_Area1_IMG012.jpg,443435,1699589,0.0370,No Growth
Pasig_Area1_IMG013.jpg,179024,851781,0.0149,No Growth
Pasig_Area1_IMG014.jpg,1585173,2674765,0.1321,Low Growth
Pasig_Area1_IMG015.jpg,26335,962349,0.0022,No Growth
Pasig_Area1_IMG016.jpg,465082,2128484,0.0292,No Growth
Pasig_Area1_IMG017.jpg,862579,2097346,0.0542,Low Growth
Pasig_Area1_IMG018.jpg,1374820,1880340,0.0863,Low Growth
Pasig_Area1_IMG019.jpg,1004997,1984983,0.0631,Low Growth
Pasig_Area1_IMG020.jpg,1245862,2199299,0.0782,Low Growth
Pasig_Area1_IMG021.jpg,737450,2658532,0.0463,No Growth
Pasig_Area1_IMG022.jpg,843137,2357152,0.0529,Low Growth
Pasig_Area1_IMG023.jpg,467003,2542540,0.0293,No Growth
Pasig_Area1_IMG024.jpg,213897,2473130,0.0134,No Growth
Pasig_Area1_IMG025.jpg,460980,3020807,0.0289,No Growth
Pasig_Area1_IMG026.jpg,1221248,3337874,0.0767,Low Growth
Pasig_Area1_IMG027.jpg,1342484,1189726,0.0843,Low Growth
Pasig_Area1_IMG028.jpg,1357920,1446531,0.0853,Low Growth
Pasig_Area1_IMG029.jpg,1565398,1436811,0.0983,Low Growth
Pasig_Area1_IMG030.jpg,3983739,322659,0.3320,Moderate Growth
Pasig_Area1_IMG151.jpg,2255062,503454,0.1879,Moderate Growth
Pasig_Area1_IMG152.jpg,3644699,90798,0.3037,Moderate Growth
Pasig_Area1_IMG153.jpg,1911304,2363182,0.1593,Moderate Growth
Pasig_Area1_IMG154.jpg,3266385,489556,0.2722,Moderate Growth
Pasig_Area1_IMG155.jpg,3495961,389402,0.2913,Moderate Growth
Pasig_Area1_IMG156.jpg,3317186,312502,0.2764,Moderate Growth
Pasig_Area1_IMG157.jpg,2577559,1883649,0.1619,Moderate Growth
Pasig_Area1_IMG158.jpg,2056203,1145429,0.1291,Low Growth
Pasig_Area1_IMG159.jpg,1865258,478994,0.1171,Low Growth
Pasig_Area1_IMG160.jpg,583307,513146,0.0366,No Growth
Pasig_Area1_IMG161.jpg,6778975,1169875,0.4257,Large Growth
Pasig_Area1_IMG162.jpg,6610007,1843292,0.4151,Large Growth
Pasig_Area1_IMG163.jpg,4553792,1102768,0.2859,Moderate Growth
Pasig_Area1_IMG164.jpg,6388495,635172,0.4012,Large Growth
Pasig_Area1_IMG165.jpg,3576677,2053629,0.2246,Moderate Growth
Pasig_Area1_IMG166.jpg,2644029,174323,0.2203,Moderate Growth
Pasig_Area1_IMG167.jpg,467097,1228250,0.0389,No Growth
Pasig_Area1_IMG168.jpg,324091,1600291,0.0270,No Growth
Pasig_Area1_IMG169.jpg,1396167,443807,0.1163,Low Growth
Pasig_Area1_IMG170.jpg,3410705,21151,0.2842,Moderate Growth
Pasig_Area1_IMG171.jpg,17904,860,0.0015,No Growth
Pasig_Area1_IMG172.jpg,1891763,507886,0.1576,Moderate Growth
Pasig_Area1_IMG173.jpg,3083239,126464,0.2569,Moderate Growth
Pasig_Area1_IMG174.jpg,553263,2271914,0.0461,No Growth
Pasig_Area1_IMG175.jpg,2736663,336020,0.2281,Moderate Growth
Pasig_Area1_IMG176.jpg,4120707,561165,0.3434,Moderate Growth
Pasig_Area1_IMG177.jpg,3480635,368256,0.2901,Moderate Growth
Pasig_Area1_IMG178.jpg,3830526,250159,0.3192,Moderate Growth
Pasig_Area1_IMG179.jpg,4685293,531344,0.3904,Moderate Growth
Pasig_Area1_IMG180.jpg,2178989,2400226,0.1816,Moderate Growth
Pasig_Area1_IMG181.jpg,2548125,297642,0.2123,Moderate Growth
Pasig_Area1_IMG182.jpg,2155401,369779,0.1796,Moderate Growth
Pasig_Area1_IMG183.jpg,2517913,840510,0.2098,Moderate Growth
Pasig_Area1_IMG184.jpg,3180877,642977,0.2651,Moderate Growth
Pasig_Area1_IMG185.jpg,3041141,43828,0.2534,Moderate Growth
Pasig_Area1_IMG186.jpg,3410669,59,0.2842,Moderate Growth
Pasig_Area1_IMG187.jpg,2382770,441009,0.1986,Moderate Growth
Pasig_Area2_IMG001.jpg,63876,0,0.6906,Large Growth
Pasig_Area2_IMG002.jpg,134547,59760,0.0519,Low Growth
Pasig_Area2_IMG003.jpg,324779,560,0.7467,Large Growth
Pasig_Area2_IMG004.jpg,324779,560,0.7467,Large Growth
Pasig_Area2_IMG005.jpg,324779,560,0.7467,Large Growth
Pasig_Area2_IMG031.jpg,547230,2221624,0.0344,No Growth
Pasig_Area2_IMG032.jpg,527636,277909,0.0440,No Growth
Pasig_Area2_IMG033.jpg,212761,101498,0.0177,No Growth
Pasig_Area2_IMG034.jpg,155271,8195,0.0129,No Growth
Pasig_Area2_IMG035.jpg,3488695,2593618,0.2907,Moderate Growth
Pasig_Area2_IMG036.jpg,7812234,36184,0.6510,Large Growth
Pasig_Area2_IMG037.jpg,4259408,1688718,0.3550,Moderate Growth
Pasig_Area2_IMG038.jpg,2718478,4096693,0.2265,Moderate Growth
Pasig_Area2_IMG039.jpg,2780490,3569364,0.2317,Moderate Growth
Pasig_Area2_IMG040.jpg,352,293,0.0000,No Growth
Pasig_Area2_IMG041.jpg,134848,3266495,0.0169,No Growth
Pasig_Area2_IMG042.jpg,224515,99691,0.0187,No Growth
Pasig_Area2_IMG043.jpg,224515,99691,0.0187,No Growth
Pasig_Area2_IMG044.jpg,579551,149038,0.0483,No Growth
Pasig_Area2_IMG045.jpg,67703,1235123,0.0056,No Growth
Pasig_Area2_IMG046.jpg,280654,138290,0.0234,No Growth
Pasig_Area2_IMG047.jpg,3321590,1703589,0.2768,Moderate Growth
Pasig_Area2_IMG048.jpg,306671,176421,0.0256,No Growth
Pasig_Area2_IMG049.jpg,298307,1017215,0.0249,No Growth
Pasig_Area2_IMG050.jpg,579551,149038,0.0483,No Growth
Pasig_Area2_IMG051.jpg,473979,30820,0.0395,No Growth
Pasig_Area2_IMG052.jpg,473979,30820,0.0395,No Growth
Pasig_Area2_IMG053.jpg,508408,140048,0.0424,No Growth
Pasig_Area2_IMG054.jpg,585440,115966,0.0488,No Growth
Pasig_Area2_IMG055.jpg,163146,44540,0.0136,No Growth
Pasig_Area2_IMG056.jpg,446330,20096,0.0372,No Growth
Pasig_Area2_IMG057.jpg,438550,555024,0.0365,No Growth
Pasig_Area2_IMG058.jpg,453580,633185,0.0378,No Growth
Pasig_Area2_IMG059.jpg,708508,39341,0.0590,Low Growth
Pasig_Area2_IMG060.jpg,433692,1175847,0.0361,No Growth
Pasig_Area2_IMG061.jpg,1314228,0,0.1095,Low Growth
Pasig_Area2_IMG062.jpg,1472495,20584,0.1227,Low Growth
Pasig_Area2_IMG063.jpg,5491016,2073109,0.4576,Large Growth
Pasig_Area2_IMG064.jpg,1219131,0,0.1016,Low Growth
Pasig_Area2_IMG065.jpg,1270402,0,0.1059,Low Growth
Pasig_Area2_IMG066.jpg,4113629,3302912,0.3428,Moderate Growth
Pasig_Area2_IMG067.jpg,1565924,13424,0.1305,Low Growth
Pasig_Area2_IMG068.jpg,3142459,2739428,0.2619,Moderate Growth
Pasig_Area2_IMG069.jpg,3370889,2201437,0.2809,Moderate Growth
Pasig_Area2_IMG070.jpg,3111304,2404060,0.2593,Moderate Growth
Pasig_Area2_IMG071.jpg,996189,2753892,0.0830,Low Growth
Pasig_Area2_IMG072.jpg,6631058,997218,0.5526,Large Growth
Pasig_Area2_IMG073.jpg,3778361,2193099,0.3149,Moderate Growth
Pasig_Area2_IMG074.jpg,5894368,1254069,0.4912,Large Growth
Pasig_Area2_IMG075.jpg,4846489,3255681,0.4039,Large Growth
Pasig_Area2_IMG076.jpg,10466542,209574,0.8722,Large Growth
Pasig_Area2_IMG077(1).jpg,9567273,7354,0.7973,Large Growth
Pasig_Area2_IMG077.jpg,8320738,21529,0.6934,Large Growth
Pasig_Area2_IMG078.jpg,8166203,26768,0.6805,Large Growth
Pasig_Area2_IMG079.jpg,9877417,1914,0.8231,Large Growth
Pasig_Area2_IMG080.jpg,9087727,7672,0.7573,Large Growth
Pasig_Area2_IMG081.jpg,8960209,18461,0.7467,Large Growth
Pasig_Area2_IMG082.jpg,8959801,5079,0.7467,Large Growth
Pasig_Area2_IMG083.jpg,11239086,7,0.9366,Large Growth
Pasig_Area2_IMG084.jpg,6285586,27641,0.5238,Large Growth
Pasig_Area2_IMG085.jpg,6443326,4517,0.5369,Large Growth
Pasig_Area2_IMG086.jpg,11423228,444,0.9519,Large Growth
Pasig_Area2_IMG087.jpg,6476486,182676,0.5397,Large Growth
Pasig_Area2_IMG088.jpg,7257669,150007,0.6048,Large Growth
Pasig_Area2_IMG089.jpg,8242366,20453,0.6869,Large Growth
Pasig_Area2_IMG090.jpg,8340223,22326,0.6950,Large Growth
Pasig_Area2_IMG091.jpg,8447150,2814,0.7039,Large Growth
Pasig_Area2_IMG092.jpg,2611404,147092,0.2176,Moderate Growth
Pasig_Area2_IMG093.jpg,2611404,147092,0.2176,Moderate Growth
Pasig_Area2_IMG094.jpg,1796499,22279,0.1497,Low Growth
Pasig_Area2_IMG095.jpg,1796499,22279,0.1497,Low Growth
Pasig_Area2_IMG096.jpg,5961687,50708,0.4968,Large Growth
Pasig_Area2_IMG097.jpg,5961687,50708,0.4968,Large Growth
Pasig_Area2_IMG098.jpg,8737792,104132,0.7281,Large Growth
Pasig_Area2_IMG099.jpg,8737792,104132,0.7281,Large Growth
Pasig_Area2_IMG100.jpg,7300508,68281,0.6084,Large Growth
Pasig_Area2_IMG101.jpg,7300508,68281,0.6084,Large Growth
Pasig_Area2_IMG102.jpg,4553201,167046,0.3794,Moderate Growth
Pasig_Area2_IMG103.jpg,4553201,167046,0.3794,Moderate Growth
Pasig_Area2_IMG104.jpg,6233825,87846,0.5195,Large Growth
Pasig_Area2_IMG105.jpg,6233825,87846,0.5195,Large Growth
Pasig_Area2_IMG106.jpg,8897273,13665,0.7414,Large Growth
Pasig_Area2_IMG107.jpg,7778163,99546,0.6482,Large Growth
Pasig_Area2_IMG108.jpg,7778163,99546,0.6482,Large Growth
Pasig_Area2_IMG109.jpg,1192329,2327370,0.0994,Low Growth
Pasig_Area2_IMG110.jpg,1192329,2327370,0.0994,Low Growth
Pasig_Area2_IMG111.jpg,8897273,13665,0.7414,Large Growth
Pasig_Area2_IMG112.jpg,8250378,95,0.6875,Large Growth
Pasig_Area2_IMG113(1).jpg,8250378,95,0.6875,Large Growth
Pasig_Area2_IMG113.jpg,5333494,69806,0.4445,Large Growth
Pasig_Area2_IMG114(1).jpg,5333494,69806,0.4445,Large Growth
Pasig_Area2_IMG114.jpg,6400892,37363,0.5334,Large Growth
Pasig_Area2_IMG115.jpg,6400892,37363,0.5334,Large Growth
Pasig_Area2_IMG116.jpg,9327210,203,0.7773,Large Growth
Pasig_Area2_IMG117.jpg,9327210,203,0.7773,Large Growth
Pasig_Area2_IMG118.jpg,5379895,271,0.4483,Large Growth
Pasig_Area2_IMG119.jpg,5379895,271,0.4483,Large Growth
Pasig_Area2_IMG120.jpg,1445602,814556,0.1205,Low Growth
Pasig_Area2_IMG121.jpg,1445602,814556,0.1205,Low Growth
Pasig_Area2_IMG122.jpg,2147446,8067397,0.1790,Moderate Growth
Pasig_Area2_IMG123.jpg,2147446,8067397,0.1790,Moderate Growth
Pasig_Area2_IMG124.jpg,0,80479,0.0000,No Growth
Pasig_Area2_IMG125.jpg,0,0,0.0000,No Growth
Pasig_Area2_IMG126.jpg,5143423,1969549,0.4286,Large Growth
Pasig_Area2_IMG127.jpg,4652435,254290,0.3877,Moderate Growth
Pasig_Area2_IMG128.jpg,0,0,0.0000,No Growth
Pasig_Area2_IMG129.jpg,9907876,372,0.8257,Large Growth
Pasig_Area2_IMG130.jpg,11209954,464,0.9342,Large Growth
Pasig_Area2_IMG131.jpg,6913281,3589528,0.5761,Large Growth
Pasig_Area2_IMG132.jpg,4396118,2197090,0.3663,Moderate Growth
Pasig_Area2_IMG133.jpg,7189004,25383,0.5991,Large Growth
Pasig_Area2_IMG134.jpg,5636636,482748,0.4697,Large Growth
Pasig_Area2_IMG135.jpg,1367701,4657,0.1140,Low Growth
Pasig_Area2_IMG136.jpg,8354118,31652,0.6962,Large Growth
Pasig_Area2_IMG137.jpg,10192662,11162,0.8494,Large Growth
Pasig_Area2_IMG138.jpg,11103259,14913,0.9253,Large Growth
Pasig_Area2_IMG139.jpg,11140860,496,0.9284,Large Growth
Pasig_Area2_IMG140.jpg,9302934,2544,0.7752,Large Growth
Pasig_Area2_IMG141.jpg,6860991,65101,0.5717,Large Growth
Pasig_Area2_IMG142.jpg,4923215,722950,0.4103,Large Growth
Pasig_Area2_IMG143.jpg,4155219,1440201,0.3463,Moderate Growth
Pasig_Area2_IMG144.jpg,4965382,1480976,0.4138,Large Growth
Pasig_Area2_IMG145.jpg,6363600,3505596,0.5303,Large Growth
Pasig_Area2_IMG146.jpg,8587145,775244,0.7156,Large Growth
Pasig_Area2_IMG147.jpg,9330121,6446,0.7775,Large Growth
Pasig_Area2_IMG148.jpg,9183786,1994,0.7653,Large Growth
Pasig_Area2_IMG149.jpg,3932676,131071,0.3277,Moderate Growth
Pasig_Area2_IMG150.jpg,7836942,11053,0.6531,Large Growth
Pasig_Area2_IMG188.jpg,2706530,1920,0.8474,Large Growth
Pasig_Area2_IMG189.jpg,2706530,1920,0.8474,Large Growth
Pasig_Area2_IMG190.jpg,745220,268346,0.1602,Moderate Growth
Pasig_Area2_IMG191.jpg,745220,268346,0.1602,Moderate Growth
Pasig_Area2_IMG192.jpg,2805769,8214,0.4698,Large Growth
Pasig_Area2_IMG193.jpg,2805769,8214,0.4698,Large Growth
Pasig_Area2_IMG194.jpg,1154112,55493,0.2459,Moderate Growth
Pasig_Area2_IMG195.jpg,1154112,55493,0.2459,Moderate Growth
Pasig_Area2_IMG196.jpg,4381224,852,0.6928,Large Growth
Pasig_Area2_IMG197.jpg,4381224,852,0.6928,Large Growth
Pasig_Area2_IMG198.jpg,2063762,11904,0.6106,Large Growth
Pasig_Area2_IMG199.jpg,2063762,11904,0.6106,Large Growth
Pasig_Area2_IMG200.jpg,925100,4739,0.3197,Moderate Growth
Pasig_Area2_IMG201.jpg,925100,4739,0.3197,Moderate Growth
Pasig_Area2_IMG202.jpg,1028120,2103,0.5449,Large Growth
Pasig_Area2_IMG203.jpg,1028120,2103,0.5449,Large Growth
Pasig_Area2_IMG204.jpg,1027868,2094,0.5448,Large Growth
Pasig_Area2_IMG205.jpg,1204129,5862,0.3345,Moderate Growth
Pasig_Area2_IMG206.jpg,3352098,4221,0.9847,Large Growth
Pasig_Area2_IMG207.jpg,399790,996388,0.2429,Moderate Growth
Pasig_Area2_IMG208.jpg,737172,1842,0.5215,Large Growth
Pasig_Area3_IMG007.jpg,5600842,3421905,0.4667,Large Growth
Pasig_Area3_IMG008.jpg,6894047,1454399,0.5745,Large Growth
Pasig_Area3_IMG009.jpg,6806328,1267328,0.5672,Large Growth
Pasig_Area5_IMG213.jpg,4266092,115544,0.3555,Moderate Growth
Pasig_Area5_IMG214.jpg,3979013,285341,0.3316,Moderate Growth
Pasig_Area5_IMG215.jpg,5113522,17838,0.4261,Large Growth
Pasig_Area5_IMG216.jpg,8558574,427,0.7132,Large Growth
Pasig_Area5_IMG217.jpg,5847099,8639,0.4873,Large Growth
Pasig_Area5_IMG218.jpg,1420467,199761,0.1184,Low Growth
Pasig_Area5_IMG219.jpg,1390851,89192,0.1159,Low Growth
Pasig_Area5_IMG220.jpg,3139195,338,0.2616,Moderate Growth
Pasig_Area5_IMG221.jpg,7403767,63,0.6170,Large Growth
Pasig_Area5_IMG222.jpg,2417402,1126280,0.2015,Moderate Growth
Pasig_Area5_IMG223.jpg,2158227,686045,0.1799,Moderate Growth
Pasig_Area5_IMG224.jpg,674998,12772,0.0562,Low Growth
Pasig_Area5_IMG225.jpg,894636,48674,0.0746,Low Growth
Pasig_Area5_IMG226.jpg,826464,59449,0.0689,Low Growth
Pasig_Area5_IMG227.jpg,1823103,430287,0.1519,Moderate Growth
Pasig_Area5_IMG228.jpg,590327,94432,0.0492,No Growth
Pasig_Area5_IMG229.jpg,550959,20386,0.0459,No Growth
Pasig_Area5_IMG230.jpg,4238665,96767,0.3532,Moderate Growth
Pasig_Area5_IMG231.jpg,5828025,11993,0.4857,Large Growth
Pasig_Area6_IMG232.jpg,6409,13,0.4128,Large Growth
Pasig_Area6_IMG233.jpg,374,0,0.0332,No Growth
Pasig_Area6_IMG234.jpg,504,0,0.0760,Low Growth
Pasig_Area6_IMG235.jpg,678809,17393,0.0566,Low Growth
Pasig_Area6_IMG236.jpg,136748,513284,0.0114,No Growth
Pasig_Area6_IMG237.jpg,149961,231400,0.0125,No Growth
Pasig_Area6_IMG238.jpg,39350,21941,0.0033,No Growth
Pasig_Area6_IMG239.jpg,60797,2303132,0.0051,No Growth
Pasig_Area6_IMG240.jpg,671609,1581721,0.0560,Low Growth
Pasig_Area6_IMG241.jpg,211269,496273,0.0176,No Growth
Pasig_Area6_IMG242.jpg,541281,1570595,0.0451,No Growth
Pasig_Area6_IMG243.jpg,20949,3630,0.0017,No Growth
Pasig_Area6_IMG244.jpg,26269,9955,0.0022,No Growth
Pasig_Area6_IMG245.jpg,249553,77125,0.0208,No Growth
Pasig_Area6_IMG246.jpg,487562,65299,0.0406,No Growth
Pasig_Area6_IMG247.jpg,527196,8807,0.0439,No Growth
Pasig_Area6_IMG248.jpg,234719,8385,0.0196,No Growth
Pasig_Area6_IMG249.jpg,405825,38462,0.0338,No Growth
Pasig_Area6_IMG250.jpg,380647,54379,0.0317,No Growth
Pasig_Area6_IMG251.jpg,362017,14521,0.0302,No Growth
Pasig_Area6_IMG252.jpg,385286,11577,0.0321,No Growth
Pasig_Area6_IMG253.jpg,367423,6336,0.0306,No Growth
Pasig_Area6_IMG254.jpg,255467,15427,0.0213,No Growth
Pasig_Area6_IMG255.jpg,0,6,0.0000,No Growth
Pasig_Area6_IMG256.jpg,99608,5632,0.0083,No Growth
Pasig_Area6_IMG257.jpg,311244,1350687,0.0259,No Growth
Pasig_Area6_IMG258.jpg,517858,1276875,0.0432,No Growth
Pasig_Area6_IMG259.jpg,325359,988336,0.0271,No Growth
Pasig_Area6_IMG260.jpg,260898,1826012,0.0217,No Growth
Pasig_Area6_IMG261.jpg,1231150,1716356,0.1026,Low Growth
Pasig_Area6_IMG262.jpg,369046,2453016,0.0308,No Growth
Pasig_Area6_IMG263.jpg,288815,2203279,0.0241,No Growth
Pasig_Area6_IMG264.jpg,431657,638666,0.0360,No Growth
Pasig_Area6_IMG265.jpg,190883,177219,0.0159,No Growth
Pasig_Area6_IMG266.jpg,14903,17415,0.0012,No Growth
Pasig_Area6_IMG267.jpg,244424,51215,0.0204,No Growth
Pasig_Area6_IMG268.jpg,109843,80396,0.0092,No Growth
Pasig_Area6_IMG269.jpg,888585,15630,0.0740,Low Growth
Pasig_Area6_IMG270.jpg,646650,24834,0.0539,Low Growth
Pasig_Area6_IMG271.jpg,499587,11198,0.0416,No Growth
Pasig_Area6_IMG272.jpg,312626,6785,0.0261,No Growth
Pasig_Area6_IMG273.jpg,916596,214172,0.0764,Low Growth
Pasig_Area6_IMG274.jpg,947004,162687,0.0789,Low Growth
Pasig_Area6_IMG275.jpg,248142,14265,0.0207,No Growth
Pasig_Area6_IMG276.jpg,307064,43498,0.0256,No Growth
Pasig_Area6_IMG277.jpg,506788,37424,0.0422,No Growth
Pasig_Area6_IMG278.jpg,565223,5582,0.0471,No Growth
Pasig_Area6_IMG279.jpg,278612,43964,0.0232,No Growth
Pasig_Area6_IMG280.jpg,229864,96201,0.0192,No Growth
Pasig_Area6_IMG281.jpg,80852,35572,0.0067,No Growth
Pasig_Area6_IMG282.jpg,6096,6592,0.0005,No Growth
Pasig_Area6_IMG283.jpg,254786,56217,0.0212,No Growth
Pasig_Area6_IMG284.jpg,208148,130945,0.0173,No Growth
Pasig_Area6_IMG285.jpg,95901,384343,0.0080,No Growth
Pasig_Area6_IMG286.jpg,283695,26256,0.0236,No Growth
Pasig_Area6_IMG287.jpg,141,0,0.0124,No Growth
Pasig_Area6_IMG288.jpg,3648,0,0.2703,Moderate Growth
Pasig_Area6_IMG289.jpg,4231,577,0.1265,Low Growth
Pasig_Area6_IMG290.jpg,13652,10,0.0841,Low Growth
Pasig_Area6_IMG291.jpg,11763,0,0.1188,Low Growth
Pasig_Area6_IMG292.jpg,26016,2745,0.2137,Moderate Growth
Pasig_Area6_IMG293.jpg,45104,5270,0.2695,Moderate Growth
Pasig_Area6_IMG294.jpg,77509,18905,0.3045,Moderate Growth
Pasig_Area6_IMG295.jpg,77509,18905,0.3045,Moderate Growth
Pasig_Area6_IMG296.jpg,15555,26695,0.0690,Low Growth
Pasig_Area6_IMG297.jpg,6112,9138,0.0558,Low Growth
Pasig_Area6_IMG298.jpg,8530,19741,0.0676,Low Growth
Pasig_Area6_IMG299.jpg,27322,632,0.5051,Large Growth
Pasig_Area6_IMG300.jpg,11706,2,0.3062,Moderate Growth
Pasig_Area6_IMG301.jpg,19725,7,0.4723,Large Growth
Pasig_Area6_IMG302.jpg,4057,0,0.3359,Moderate Growth
Pasig_Area6_IMG303.jpg,11626,63,0.4592,Large Growth
Pasig_Area6_IMG304.jpg,2981,0,0.2070,Moderate Growth
Pasig_Area6_IMG305.jpg,2556,227,0.1765,Moderate Growth
Pasig_Area6_IMG306.jpg,31013,9049,0.1937,Moderate Growth
Pasig_Area7_IMG307.jpg,7466465,13497,0.6222,Large Growth
Pasig_Area7_IMG308.jpg,7388786,9634,0.6157,Large Growth
Pasig_Area7_IMG309.jpg,7518551,11383,0.6265,Large Growth
Pasig_Area7_IMG310.jpg,7654559,14325,0.6379,Large Growth
Pasig_Area7_IMG311.jpg,7533216,16198,0.6278,Large Growth
Pasig_Area7_IMG312.jpg,7465813,15002,0.6222,Large Growth
Pasig_Area7_IMG313.jpg,7472813,13041,0.6227,Large Growth
Pasig_Area7_IMG314.jpg,7443032,14774,0.6203,Large Growth
Pasig_Area7_IMG315.jpg,7493650,13676,0.6245,Large Growth
Pasig_Area7_IMG316.jpg,7448440,12458,0.6207,Large Growth
Pasig_Area7_IMG317.jpg,7396352,11635,0.6164,Large Growth
Pasig_Area7_IMG318.jpg,7255406,12589,0.6046,Large Growth
Pasig_Area7_IMG319.jpg,7138302,15533,0.5949,Large Growth
Pasig_Area7_IMG320.jpg,6928722,19188,0.5774,Large Growth
Pasig_Area7_IMG321.jpg,7051684,15775,0.5876,Large Growth
Pasig_Area7_IMG322.jpg,7204360,15625,0.6004,Large Growth
Pasig_Area7_IMG323.jpg,7175132,15639,0.5979,Large Growth
Pasig_Area7_IMG324.jpg,7275268,15156,0.6063,Large Growth
Pasig_Area7_IMG325.jpg,7060087,16213,0.5883,Large Growth
Pasig_Area7_IMG326.jpg,7135803,16664,0.5947,Large Growth
Pasig_Area7_IMG327.jpg,6882911,23994,0.5736,Large Growth
Pasig_Area7_IMG328.jpg,7502892,22588,0.6252,Large Growth
Pasig_Area7_IMG329.jpg,7390763,25543,0.6159,Large Growth
Pasig_Area7_IMG330.jpg,7538957,26177,0.6282,Large Growth
Pasig_Area7_IMG331.jpg,7455513,32192,0.6213,Large Growth
Pasig_Area7_IMG332.jpg,7362589,31271,0.6135,Large Growth
Pasig_Area7_IMG333.jpg,7290925,30513,0.6076,Large Growth
Pasig_Area7_IMG334.jpg,7161282,29338,0.5968,Large Growth
Pasig_Area7_IMG335.jpg,7631074,27263,0.6359,Large Growth
Pasig_Area7_IMG336.jpg,7165391,15596,0.5971,Large Growth
Pasig_Area7_IMG337.jpg,7260369,14047,0.6050,Large Growth
Pasig_Area7_IMG338.jpg,7530425,11806,0.6275,Large Growth
Pasig_Area7_IMG339.jpg,7764672,10455,0.6471,Large Growth
Pasig_Area7_IMG340.jpg,7711742,13874,0.6426,Large Growth
Pasig_Area7_IMG341.jpg,7409098,11231,0.6174,Large Growth
Pasig_Area7_IMG342.jpg,7704112,10194,0.6420,Large Growth
Pasig_Area7_IMG343.jpg,7511431,8100,0.6260,Large Growth
Pasig_Area7_IMG344.jpg,7546773,10297,0.6289,Large Growth
Pasig_Area7_IMG345.jpg,7473684,9184,0.6228,Large Growth
Pasig_Area7_IMG346.jpg,7558712,7688,0.6299,Large Growth
Pasig_Area7_IMG347.jpg,7973944,6143,0.6645,Large Growth
Pasig_Area7_IMG348.jpg,8451765,5753,0.7043,Large Growth
Pasig_Area7_IMG349.jpg,8439831,8690,0.7033,Large Growth
Pasig_Area7_IMG350.jpg,8821079,7931,0.7351,Large Growth
Pasig_Area7_IMG351.jpg,8628390,8415,0.7190,Large Growth
Pasig_Area7_IMG352.jpg,8887481,8553,0.7406,Large Growth
Pasig_Area7_IMG353.jpg,8783226,7781,0.7319,Large Growth
Pasig_Area7_IMG354.jpg,8584834,13962,0.7154,Large Growth
Pasig_Area7_IMG355.jpg,8550009,17306,0.7125,Large Growth
Pasig_Area7_IMG356.jpg,8882906,12649,0.7402,Large Growth
Pasig_Area7_IMG357.jpg,8785901,11515,0.7322,Large Growth
Pasig_Area7_IMG358.jpg,9025270,10642,0.7521,Large Growth
Pasig_Area7_IMG359.jpg,9039985,10684,0.7533,Large Growth
Pasig_Area7_IMG360.jpg,9098358,11811,0.7582,Large Growth
Pasig_Area7_IMG361.jpg,9129800,12507,0.7608,Large Growth
Pasig_Area7_IMG362.jpg,9332519,12702,0.7777,Large Growth
Pasig_Area7_IMG363.jpg,9402820,9380,0.7836,Large Growth
Pasig_Area7_IMG364.jpg,9503823,9122,0.7920,Large Growth
Pasig_Area7_IMG365.jpg,9374527,9761,0.7812,Large Growth
Pasig_Area7_IMG366.jpg,8361047,68319,0.6968,Large Growth
Pasig_Area7_IMG367.jpg,8207643,113072,0.6840,Large Growth
Pasig_Area7_IMG368.jpg,8149442,55925,0.6791,Large Growth
Pasig_Area7_IMG369.jpg,8140979,52843,0.6784,Large Growth
Pasig_Area7_IMG370.jpg,8156094,76985,0.6797,Large Growth
Pasig_Area7_IMG371.jpg,7993297,44872,0.6661,Large Growth
Pasig_Area7_IMG372.jpg,8053975,69365,0.6712,Large Growth
Pasig_Area7_IMG373.jpg,8206688,74310,0.6839,Large Growth
Pasig_Area7_IMG374.jpg,8037750,54783,0.6698,Large Growth
Pasig_Area7_IMG375.jpg,8089985,104401,0.6742,Large Growth
Pasig_Area7_IMG376.jpg,8074133,76529,0.6728,Large Growth
Pasig_Area7_IMG377.jpg,8280688,32514,0.6901,Large Growth
Pasig_Area7_IMG378.jpg,8313052,22856,0.6928,Large Growth
Pasig_Area7_IMG379.jpg,8433888,22767,0.7028,Large Growth
Pasig_Area7_IMG380.jpg,8301984,23432,0.6918,Large Growth
Pasig_Area7_IMG381.jpg,8231750,22801,0.6860,Large Growth
Pasig_Area7_IMG382.jpg,8327253,20362,0.6939,Large Growth
Pasig_Area7_IMG383.jpg,8436505,25320,0.7030,Large Growth
Pasig_Area7_IMG384.jpg,8386716,24332,0.6989,Large Growth
Pasig_Area7_IMG385.jpg,8389519,27316,0.6991,Large Growth
Pasig_Area7_IMG386.jpg,8348233,24025,0.6957,Large Growth
Pasig_Area7_IMG387.jpg,8370794,26248,0.6976,Large Growth
Pasig_Area7_IMG388.jpg,8450672,23771,0.7042,Large Growth
Pasig_Area7_IMG389.jpg,8409549,23032,0.7008,Large Growth
Pasig_Area7_IMG390.jpg,8355568,24209,0.6963,Large Growth
Pasig_Area7_IMG391.jpg,8338967,20169,0.6949,Large Growth
Pasig_Area7_IMG392.jpg,8383010,21962,0.6986,Large Growth
Pasig_Area7_IMG393.jpg,8397972,23504,0.6998,Large Growth
Pasig_Area7_IMG394.jpg,8399919,18377,0.7000,Large Growth
Pasig_Area7_IMG395.jpg,8419442,20190,0.7016,Large Growth
Pasig_Area7_IMG396.jpg,9767749,81485,0.8140,Large Growth
Pasig_Area7_IMG397.jpg,9767749,81485,0.8140,Large Growth
Pasig_Area7_IMG398.jpg,9767749,81485,0.8140,Large Growth
Pasig_Area7_IMG399.jpg,9961304,76014,0.8301,Large Growth
Pasig_Area7_IMG400.jpg,9961304,76014,0.8301,Large Growth
Pasig_Area7_IMG401.jpg,9961304,76014,0.8301,Large Growth
Pasig_Area7_IMG402.jpg,9991541,89838,0.8326,Large Growth
Pasig_Area7_IMG403.jpg,9991541,89838,0.8326,Large Growth
Pasig_Area7_IMG404.jpg,9991541,89838,0.8326,Large Growth
Pasig_Area7_IMG405.jpg,9974123,80610,0.8312,Large Growth
Pasig_Area7_IMG406.jpg,9974123,80610,0.8312,Large Growth
Pasig_Area7_IMG407.jpg,9974123,80610,0.8312,Large Growth
Pasig_Area7_IMG408.jpg,9871581,83098,0.8226,Large Growth
Pasig_Area7_IMG409.jpg,9871581,83098,0.8226,Large Growth
Pasig_Area7_IMG410.jpg,9871581,83098,0.8226,Large Growth
Pasig_Area7_IMG411.jpg,9969959,77423,0.8308,Large Growth
Pasig_Area7_IMG412.jpg,9969959,77423,0.8308,Large Growth
Pasig_Area7_IMG413.jpg,9969959,77423,0.8308,Large Growth
Pasig_Area7_IMG414.jpg,9934317,83451,0.8279,Large Growth
Pasig_Area7_IMG415.jpg,9934317,83451,0.8279,Large Growth
Pasig_Area7_IMG416.jpg,9934317,83451,0.8279,Large Growth
Pasig_Area7_IMG417.jpg,9917065,86601,0.8264,Large Growth
Pasig_Area7_IMG418.jpg,9917065,86601,0.8264,Large Growth
Pasig_Area7_IMG419.jpg,9917065,86601,0.8264,Large Growth
Pasig_Area7_IMG420.jpg,9903004,83847,0.8253,Large Growth
Pasig_Area7_IMG421.jpg,9903004,83847,0.8253,Large Growth
Pasig_Area7_IMG422.jpg,9903004,83847,0.8253,Large Growth
Pasig_Area7_IMG423.jpg,9937750,82188,0.8281,Large Growth
Pasig_Area7_IMG424.jpg,9937750,82188,0.8281,Large Growth
Pasig_Area7_IMG425.jpg,9937750,82188,0.8281,Large Growth
Pasig_Area7_IMG426.jpg,9933732,75108,0.8278,Large Growth
Pasig_Area7_IMG427.jpg,9777679,27719,0.8148,Large Growth
Pasig_Area7_IMG428.jpg,9777679,27719,0.8148,Large Growth
Pasig_Area7_IMG429.jpg,9777679,27719,0.8148,Large Growth
Pasig_Area7_IMG430.jpg,9701110,26120,0.8084,Large Growth
Pasig_Area7_IMG431.jpg,9701110,26120,0.8084,Large Growth
Pasig_Area7_IMG432.jpg,9701110,26120,0.8084,Large Growth
Pasig_Area7_IMG433.jpg,9599686,28468,0.8000,Large Growth
Pasig_Area7_IMG434.jpg,9599686,28468,0.8000,Large Growth
Pasig_Area7_IMG435.jpg,9599686,28468,0.8000,Large Growth
Pasig_Area7_IMG436.jpg,9603460,32091,0.8003,Large Growth
Pasig_Area7_IMG437.jpg,9603460,32091,0.8003,Large Growth
Pasig_Area7_IMG438.jpg,9603460,32091,0.8003,Large Growth
Pasig_Area7_IMG439.jpg,9633925,28659,0.8028,Large Growth
Pasig_Area7_IMG440.jpg,9633925,28659,0.8028,Large Growth
Pasig_Area7_IMG441.jpg,9633925,28659,0.8028,Large Growth
Pasig_Area7_IMG442.jpg,9678399,27689,0.8065,Large Growth
Pasig_Area7_IMG443.jpg,9678399,27689,0.8065,Large Growth
Pasig_Area7_IMG444.jpg,9678399,27689,0.8065,Large Growth
Pasig_Area7_IMG445.jpg,9660863,27725,0.8051,Large Growth
Pasig_Area7_IMG446.jpg,9660863,27725,0.8051,Large Growth
Pasig_Area7_IMG447.jpg,9660863,27725,0.8051,Large Growth
Pasig_Area7_IMG448.jpg,9690124,25511,0.8075,Large Growth
Pasig_Area7_IMG449.jpg,9690124,25511,0.8075,Large Growth
Pasig_Area7_IMG450.jpg,9690124,25511,0.8075,Large Growth
Pasig_Area7_IMG451.jpg,9697608,24702,0.8081,Large Growth
Pasig_Area7_IMG452.jpg,9697608,24702,0.8081,Large Growth
Pasig_Area7_IMG453.jpg,9697608,24702,0.8081,Large Growth
Pasig_Area7_IMG454.jpg,9751522,25715,0.8126,Large Growth
Pasig_Area7_IMG455.jpg,9751522,25715,0.8126,Large Growth
Pasig_Area7_IMG456.jpg,9751522,25715,0.8126,Large Growth
Pasig_Area7_IMG457.jpg,9897254,30222,0.8248,Large Growth
Pasig_Area7_IMG458.jpg,10005325,26419,0.8338,Large Growth
Pasig_Area7_IMG459.jpg,9946676,25169,0.8289,Large Growth
Pasig_Area7_IMG460.jpg,9982753,21406,0.8319,Large Growth
Pasig_Area7_IMG461.jpg,10024879,19872,0.8354,Large Growth
Pasig_Area7_IMG462.jpg,10050879,16575,0.8376,Large Growth
Pasig_Area7_IMG463.jpg,9990829,15833,0.8326,Large Growth
Pasig_Area7_IMG464.jpg,10006963,14573,0.8339,Large Growth
Pasig_Area7_IMG465.jpg,9966718,12947,0.8306,Large Growth
Pasig_Area7_IMG466.jpg,10062208,12419,0.8385,Large Growth
Pasig_Area7_IMG467.jpg,10105693,12221,0.8421,Large Growth
Pasig_Area7_IMG468.jpg,10069392,11852,0.8391,Large Growth
Pasig_Area7_IMG469.jpg,10147729,10180,0.8456,Large Growth
Pasig_Area7_IMG470.jpg,10205844,10521,0.8505,Large Growth
Pasig_Area7_IMG471.jpg,10019041,12757,0.8349,Large Growth
Pasig_Area7_IMG472.jpg,10065076,13169,0.8388,Large Growth
Pasig_Area7_IMG473.jpg,10074391,10428,0.8395,Large Growth
Pasig_Area7_IMG474.jpg,9916543,10196,0.8264,Large Growth
Pasig_Area7_IMG475.jpg,9894241,10305,0.8245,Large Growth
Pasig_Area7_IMG476.jpg,9948435,9938,0.8290,Large Growth
Pasig_Area7_IMG477.jpg,10091615,11875,0.8410,Large Growth
Pasig_Area7_IMG478.jpg,10191454,12051,0.8493,Large Growth
Pasig_Area7_IMG479.jpg,10353597,13919,0.8628,Large Growth
Pasig_Area7_IMG480.jpg,10211182,15142,0.8509,Large Growth
Pasig_Area7_IMG481.jpg,10281422,15378,0.8568,Large Growth
Pasig_Area7_IMG482.jpg,10286861,16891,0.8572,Large Growth
Pasig_Area7_IMG483.jpg,10171526,20107,0.8476,Large Growth
Pasig_Area7_IMG484.jpg,10104080,17882,0.8420,Large Growth
Pasig_Area7_IMG485.jpg,10177229,18873,0.8481,Large Growth
Pasig_Area7_IMG486.jpg,10006526,16348,0.8339,Large Growth
Pasig_Area7_IMG487.jpg,9522840,47998,0.7936,Large Growth
Pasig_Area7_IMG488.jpg,9322014,54119,0.7768,Large Growth
Pasig_Area7_IMG489.jpg,9309157,52600,0.7758,Large Growth
Pasig_Area7_IMG490.jpg,9316807,47005,0.7764,Large Growth
Pasig_Area7_IMG491.jpg,9310475,46089,0.7759,Large Growth
Pasig_Area7_IMG492.jpg,9362671,43936,0.7802,Large Growth
Pasig_Area7_IMG493.jpg,9328408,41135,0.7774,Large Growth
Pasig_Area7_IMG494.jpg,9513361,37217,0.7928,Large Growth
Pasig_Area7_IMG495.jpg,9200400,37067,0.7667,Large Growth
Pasig_Area7_IMG496.jpg,9179707,39042,0.7650,Large Growth
Pasig_Area7_IMG497.jpg,8841919,44139,0.7368,Large Growth
Pasig_Area7_IMG498.jpg,8958074,40433,0.7465,Large Growth
Pasig_Area7_IMG499.jpg,8811086,41811,0.7343,Large Growth
Pasig_Area7_IMG500.jpg,8621223,45169,0.7184,Large Growth
Pasig_Area7_IMG501.jpg,8418990,42981,0.7016,Large Growth
Pasig_Area7_IMG502.jpg,8310773,44802,0.6926,Large Growth
Pasig_Area7_IMG503.jpg,8420970,38130,0.7017,Large Growth
Pasig_Area7_IMG504.jpg,8502513,42355,0.7085,Large Growth
Pasig_Area7_IMG505.jpg,8333766,45797,0.6945,Large Growth
Pasig_Area7_IMG506.jpg,8534871,44842,0.7112,Large Growth
Pasig_Area7_IMG507.jpg,8457921,45900,0.7048,Large Growth
Pasig_Area7_IMG508.jpg,8410766,39319,0.7009,Large Growth
Pasig_Area7_IMG509.jpg,8368830,37070,0.6974,Large Growth
Pasig_Area7_IMG510.jpg,8287834,38405,0.6907,Large Growth
Pasig_Area7_IMG511.jpg,8444401,39878,0.7037,Large Growth
Pasig_Area7_IMG512.jpg,8547514,36257,0.7123,Large Growth
Pasig_Area7_IMG513.jpg,8908011,41299,0.7423,Large Growth
Pasig_Area7_IMG514.jpg,8755801,42848,0.7297,Large Growth
Pasig_Area7_IMG515.jpg,8895128,40169,0.7413,Large Growth
Pasig_Area7_IMG516.jpg,9023718,42168,0.7520,Large Growth
Pasig_Area7_IMG517.jpg,10414898,32886,0.8679,Large Growth
Pasig_Area7_IMG518.jpg,10410040,34969,0.8675,Large Growth
Pasig_Area7_IMG519.jpg,10415882,31737,0.8680,Large Growth
Pasig_Area7_IMG520.jpg,10112688,22059,0.8427,Large Growth
Pasig_Area7_IMG521.jpg,10034597,23336,0.8362,Large Growth
Pasig_Area7_IMG522.jpg,9932870,21393,0.8277,Large Growth
Pasig_Area7_IMG523.jpg,9777198,23091,0.8148,Large Growth
Pasig_Area7_IMG524.jpg,9815489,21568,0.8180,Large Growth
Pasig_Area7_IMG525.jpg,9746920,20694,0.8122,Large Growth
Pasig_Area7_IMG526.jpg,9819137,19076,0.8183,Large Growth
Pasig_Area7_IMG527.jpg,9834360,22632,0.8195,Large Growth
Pasig_Area7_IMG528.jpg,9751789,23830,0.8126,Large Growth
Pasig_Area7_IMG529.jpg,9861322,20429,0.8218,Large Growth
Pasig_Area7_IMG530.jpg,9602562,34444,0.8002,Large Growth
Pasig_Area7_IMG531.jpg,9399036,35049,0.7833,Large Growth
Pasig_Area7_IMG532.jpg,9298867,39072,0.7749,Large Growth
Pasig_Area7_IMG533.jpg,9333794,41774,0.7778,Large Growth
Pasig_Area7_IMG534.jpg,9347008,35560,0.7789,Large Growth
Pasig_Area7_IMG535.jpg,9120255,43141,0.7600,Large Growth
Pasig_Area7_IMG536.jpg,9234251,35858,0.7695,Large Growth
Pasig_Area7_IMG537.jpg,9202031,38987,0.7668,Large Growth
Pasig_Area7_IMG538.jpg,9022980,37509,0.7519,Large Growth
Pasig_Area7_IMG539.jpg,8954760,29171,0.7462,Large Growth
Pasig_Area7_IMG540.jpg,8827306,22907,0.7356,Large Growth
Pasig_Area7_IMG541.jpg,9090276,13554,0.7575,Large Growth
Pasig_Area7_IMG542.jpg,9150655,7037,0.7626,Large Growth
Pasig_Area7_IMG543.jpg,9040416,3437,0.7534,Large Growth
Pasig_Area7_IMG544.jpg,9053392,4653,0.7544,Large Growth
Pasig_Area7_IMG545.jpg,8938094,5975,0.7448,Large Growth
Pasig_Area7_IMG546.jpg,8600479,6859,0.7167,Large Growth
Pasig_Area7_IMG547.jpg,7615960,22674,0.6347,Large Growth
Pasig_Area7_IMG548.jpg,8096278,23485,0.6747,Large Growth
Pasig_Area7_IMG549.jpg,8040649,17630,0.6701,Large Growth
Pasig_Area7_IMG550.jpg,7505079,26091,0.6254,Large Growth
Pasig_Area7_IMG551.jpg,7444855,14473,0.6204,Large Growth
Pasig_Area7_IMG552.jpg,7518083,32617,0.6265,Large Growth
Pasig_Area7_IMG553.jpg,7508195,59610,0.6257,Large Growth
Pasig_Area7_IMG554.jpg,7282927,36056,0.6069,Large Growth
Pasig_Area7_IMG555.jpg,7490796,35520,0.6242,Large Growth
Pasig_Area7_IMG556.jpg,7665712,48393,0.6388,Large Growth
Pasig_Area7_IMG557.jpg,7728315,44065,0.6440,Large Growth
Pasig_Area7_IMG558.jpg,7729917,39635,0.6442,Large Growth
Pasig_Area7_IMG559.jpg,7721162,25608,0.6434,Large Growth
Pasig_Area7_IMG560.jpg,7864467,34294,0.6554,Large Growth
Pasig_Area7_IMG561.jpg,7673978,39030,0.6395,Large Growth
Pasig_Area7_IMG562.jpg,7819760,30766,0.6516,Large Growth
Pasig_Area7_IMG563.jpg,7997347,12672,0.6664,Large Growth
Pasig_Area7_IMG564.jpg,8374030,10545,0.6978,Large Growth
Pasig_Area7_IMG565.jpg,8444582,8822,0.7037,Large Growth
Pasig_Area7_IMG566.jpg,8663916,11131,0.7220,Large Growth
Pasig_Area7_IMG567.jpg,8878994,9148,0.7399,Large Growth
Pasig_Area7_IMG568.jpg,9115686,11302,0.7596,Large Growth
Pasig_Area7_IMG569.jpg,9306409,10606,0.7755,Large Growth
Pasig_Area7_IMG570.jpg,8876367,14368,0.7397,Large Growth
Pasig_Area7_IMG571.jpg,9011898,11301,0.7510,Large Growth
Pasig_Area7_IMG572.jpg,8866105,8942,0.7388,Large Growth
Pasig_Area7_IMG573.jpg,8621340,9913,0.7184,Large Growth
Pasig_Area7_IMG574.jpg,8612466,9131,0.7177,Large Growth
Pasig_Area7_IMG575.jpg,8411719,6523,0.7010,Large Growth
Pasig_Area7_IMG576.jpg,8350629,7518,0.6959,Large Growth
Pasig_Area7_IMG577.jpg,4930160,32881,0.4108,Large Growth
Pasig_Area7_IMG578.jpg,4715711,31272,0.3930,Moderate Growth
Pasig_Area7_IMG579.jpg,4593725,32191,0.3828,Moderate Growth
Pasig_Area7_IMG580.jpg,4568044,31508,0.3807,Moderate Growth
Pasig_Area7_IMG581.jpg,4680632,33294,0.3901,Moderate Growth
Pasig_Area7_IMG582.jpg,4588168,36524,0.3823,Moderate Growth
Pasig_Area7_IMG583.jpg,4541474,37205,0.3785,Moderate Growth
Pasig_Area7_IMG584.jpg,4436521,35884,0.3697,Moderate Growth
Pasig_Area7_IMG585.jpg,4559343,32858,0.3799,Moderate Growth
Pasig_Area7_IMG586.jpg,4586957,30855,0.3822,Moderate Growth
Pasig_Area7_IMG587.jpg,4645559,32210,0.3871,Moderate Growth
Pasig_Area7_IMG588.jpg,4436978,33257,0.3697,Moderate Growth
Pasig_Area7_IMG589.jpg,4413271,33005,0.3678,Moderate Growth
Pasig_Area7_IMG590.jpg,4667232,32326,0.3889,Moderate Growth
Pasig_Area7_IMG591.jpg,5138511,43249,0.4282,Large Growth
Pasig_Area7_IMG592.jpg,4797634,37921,0.3998,Moderate Growth
Pasig_Area7_IMG593.jpg,4661386,46489,0.3884,Moderate Growth
Pasig_Area7_IMG594.jpg,4726769,44799,0.3939,Moderate Growth
Pasig_Area7_IMG595.jpg,4810593,54530,0.4009,Large Growth
Pasig_Area7_IMG596.jpg,4897220,46204,0.4081,Large Growth
Pasig_Area7_IMG597.jpg,5449864,50383,0.4542,Large Growth
Pasig_Area7_IMG598.jpg,6022956,67708,0.5019,Large Growth
Pasig_Area7_IMG599.jpg,6334299,108157,0.5279,Large Growth
Pasig_Area7_IMG600.jpg,6146867,56028,0.5122,Large Growth
Pasig_Area7_IMG601.jpg,6426571,47577,0.5355,Large Growth
Pasig_Area7_IMG602.jpg,6620908,56660,0.5517,Large Growth
Pasig_Area7_IMG603.jpg,6577426,46518,0.5481,Large Growth
Pasig_Area7_IMG604.jpg,6492637,49997,0.5411,Large Growth
Pasig_Area7_IMG605.jpg,6330348,45447,0.5275,Large Growth
Pasig_Area7_IMG606.jpg,6202890,36178,0.5169,Large Growth
Pasig_Area8_IMG607.jpg,901947,6138,0.0752,Low Growth
Pasig_Area8_IMG608.jpg,3910933,124509,0.3259,Moderate Growth
Pasig_Area8_IMG609.jpg,2295076,49521,0.1913,Moderate Growth
Pasig_Area8_IMG610.jpg,995315,354379,0.0829,Low Growth
Pasig_Area8_IMG611.jpg,2636156,95667,0.2197,Moderate Growth
Pasig_Area8_IMG612.jpg,833931,876762,0.0695,Low Growth
Pasig_Area8_IMG613.jpg,677152,518933,0.0564,Low Growth
Pasig_Area8_IMG614.jpg,42317,22648,0.0035,No Growth
Pasig_Area8_IMG615.jpg,178184,122,0.0148,No Growth
Pasig_Area8_IMG616.jpg,1259984,0,0.1050,Low Growth
Pasig_Area8_IMG617.jpg,908533,493,0.0757,Low Growth
Pasig_Area8_IMG618.jpg,2252866,89606,0.1877,Moderate Growth
Pasig_Area8_IMG619.jpg,389531,3057,0.0325,No Growth
Pasig_Area8_IMG620.jpg,3135467,172618,0.2613,Moderate Growth
Pasig_Area8_IMG621.jpg,3857152,218418,0.3214,Moderate Growth
Pasig_Area8_IMG622.jpg,4032045,1412094,0.3360,Moderate Growth
Pasig_Area8_IMG623.jpg,4033579,737530,0.3361,Moderate Growth
Pasig_Area8_IMG624.jpg,2361253,445273,0.1968,Moderate Growth
Pasig_Area8_IMG625.jpg,2190705,296487,0.1826,Moderate Growth
Pasig_Area8_IMG626.jpg,1279360,788048,0.1066,Low Growth
Pasig_Area8_IMG627.jpg,1320555,122054,0.1100,Low Growth
Pasig_Area8_IMG628.jpg,1522954,710143,0.1269,Low Growth
Pasig_Area8_IMG629.jpg,1387528,679017,0.1156,Low Growth
Pasig_Area8_IMG630.jpg,1766141,56056,0.1472,Low Growth
Pasig_Area8_IMG631.jpg,1923921,204832,0.1603,Moderate Growth
Pasig_Area8_IMG632.jpg,1896247,43177,0.1580,Moderate Growth
Pasig_Area8_IMG633.jpg,989557,415620,0.0825,Low Growth
Pasig_Area8_IMG634.jpg,470740,622209,0.0392,No Growth
Pasig_Area8_IMG635.jpg,166806,640978,0.0139,No Growth
Pasig_Area8_IMG636.jpg,257326,1328048,0.0214,No Growth
Pasig_Area8_IMG637.jpg,760252,949877,0.0634,Low Growth
Pasig_Area8_IMG638.jpg,580058,95032,0.0483,No Growth
Pasig_Area8_IMG639.jpg,1382255,4760,0.1152,Low Growth
Pasig_Area8_IMG640.jpg,1158796,0,0.0966,Low Growth
Pasig_Area8_IMG641.jpg,372119,24225,0.0310,No Growth
Pasig_Area8_IMG642.jpg,1408046,178706,0.1173,Low Growth
Pasig_Area8_IMG643.jpg,957384,895799,0.0798,Low Growth
Pasig_Area8_IMG644.jpg,1012499,150070,0.0844,Low Growth
Pasig_Area8_IMG645.jpg,1296524,169041,0.1080,Low Growth
Pasig_Area8_IMG646.jpg,411795,907445,0.0343,No Growth
Pasig_Area8_IMG647.jpg,248018,1301087,0.0207,No Growth
Pasig_Area8_IMG648.jpg,270134,408,0.0225,No Growth
Pasig_Area8_IMG649.jpg,155603,171216,0.0130,No Growth
Pasig_Area8_IMG650.jpg,1910222,1383882,0.1592,Moderate Growth
Pasig_Area8_IMG651.jpg,2039281,1762380,0.1699,Moderate Growth
Pasig_Area8_IMG652.jpg,1806910,1793243,0.1506,Moderate Growth
Pasig_Area8_IMG653.jpg,1882939,2503046,0.1569,Moderate Growth
Pasig_Area8_IMG654.jpg,2668995,1819675,0.2224,Moderate Growth
Pasig_Area8_IMG655.jpg,3166128,421741,0.2638,Moderate Growth
Pasig_Area8_IMG656.jpg,1817213,518762,0.1514,Moderate Growth
Pasig_Area8_IMG657.jpg,724290,9645,0.0604,Low Growth
Pasig_Area8_IMG658.jpg,1396036,1085799,0.1163,Low Growth
Pasig_Area8_IMG659.jpg,2468018,0,0.2057,Moderate Growth
Pasig_Area8_IMG660.jpg,50104,22409,0.0042,No Growth
Pasig_Area8_IMG661.jpg,54966,10,0.0046,No Growth
Pasig_Area8_IMG662.jpg,507643,4679,0.0423,No Growth
Pasig_Area8_IMG663.jpg,949564,18619,0.0596,Low Growth
Pasig_Area8_IMG664.jpg,603024,16823,0.0379,No Growth
Pasig_Area8_IMG665.jpg,664578,35525,0.0417,No Growth
Pasig_Area8_IMG666.jpg,711311,128850,0.0447,No Growth
Pasig_Area8_IMG667.jpg,557587,289369,0.0350,No Growth
Pasig_Area8_IMG668.jpg,662561,422737,0.0416,No Growth
Pasig_Area8_IMG669.jpg,798125,371159,0.0501,Low Growth
Pasig_Area8_IMG670.jpg,655222,609248,0.0411,No Growth
Pasig_Area8_IMG671.jpg,614315,620686,0.0386,No Growth
Pasig_Area8_IMG672.jpg,581899,661291,0.0365,No Growth
Pasig_Area8_IMG673.jpg,395115,940079,0.0248,No Growth
Pasig_Area8_IMG674.jpg,1290277,929,0.1075,Low Growth
Pasig_Area8_IMG675.jpg,1571952,639,0.1310,Low Growth
Pasig_Area8_IMG676.jpg,3264534,1864,0.2720,Moderate Growth
Pasig_Area8_IMG677.jpg,2355649,442,0.1963,Moderate Growth
Pasig_Area8_IMG678.jpg,3099695,2550,0.2583,Moderate Growth
Pasig_Area8_IMG679.jpg,651896,522,0.0543,Low Growth
Pasig_Area8_IMG680.jpg,516615,167051,0.0431,No Growth
Pasig_Area8_IMG681.jpg,955247,669544,0.0796,Low Growth
Pasig_Area8_IMG682.jpg,2032239,9407,0.1694,Moderate Growth
Pasig_Area8_IMG683.jpg,1553803,409,0.1295,Low Growth
Pasig_Area8_IMG684.jpg,1764999,6860,0.1471,Low Growth
Pasig_Area8_IMG685.jpg,2048720,1283,0.1707,Moderate Growth
Pasig_Area8_IMG686.jpg,1139394,16057,0.0949,Low Growth
Pasig_Area8_IMG687.jpg,808291,891760,0.0674,Low Growth
Pasig_Area8_IMG688.jpg,1622845,100343,0.1352,Low Growth
Pasig_Area8_IMG689.jpg,1403986,108907,0.1170,Low Growth
Pasig_Area8_IMG690.jpg,1247917,110727,0.1040,Low Growth
Pasig_Area8_IMG691.jpg,240758,56,0.0201,No Growth
Pasig_Area8_IMG692.jpg,684438,10,0.0570,Low Growth
Pasig_Area8_IMG693.jpg,1039964,192,0.0867,Low Growth
Pasig_Area8_IMG694.jpg,730311,141414,0.0609,Low Growth
Pasig_Area8_IMG695.jpg,1813913,1986018,0.1512,Moderate Growth
Pasig_Area8_IMG696.jpg,1288344,951082,0.1074,Low Growth
Pasig_Area8_IMG697.jpg,1386646,223247,0.1156,Low Growth
Pasig_Area8_IMG698.jpg,942614,111875,0.0786,Low Growth
Pasig_Area8_IMG699.jpg,848746,418,0.0707,Low Growth
Pasig_Area8_IMG700.jpg,528702,1206,0.0441,No Growth
Pasig_Area8_IMG701.jpg,1338042,259260,0.1115,Low Growth
Pasig_Area8_IMG702.jpg,1186583,84617,0.0989,Low Growth
Pasig_Area8_IMG703.jpg,1225558,23172,0.1021,Low Growth
Pasig_Area8_IMG704.jpg,1355020,70416,0.1129,Low Growth
Pasig_Area8_IMG705.jpg,1449675,161713,0.1208,Low Growth
Pasig_Area8_IMG706.jpg,2026810,1379732,0.1689,Moderate Growth
Pasig_Area8_IMG707.jpg,2209886,1412644,0.1842,Moderate Growth
Pasig_Area8_IMG708.jpg,2537137,1344942,0.2114,Moderate Growth
Pasig_Area8_IMG709.jpg,2204936,1375159,0.1837,Moderate Growth
Pasig_Area8_IMG710.jpg,2545478,1207316,0.2121,Moderate Growth
Pasig_Area8_IMG711.jpg,948758,1141171,0.0791,Low Growth
Pasig_Area8_IMG712.jpg,1582486,1225917,0.1319,Low Growth
Pasig_Area8_IMG713.jpg,1074960,934301,0.0896,Low Growth
Pasig_Area8_IMG714.jpg,1221750,1090402,0.1018,Low Growth
Pasig_Area8_IMG715.jpg,1795664,1315947,0.1496,Low Growth
Pasig_Area8_IMG716.jpg,1776731,1190473,0.1481,Low Growth
Pasig_Area8_IMG717.jpg,2485429,1539637,0.2071,Moderate Growth
Pasig_Area8_IMG718.jpg,1899452,1535245,0.1583,Moderate Growth
Pasig_Area8_IMG719.jpg,1960098,1329166,0.1633,Moderate Growth
Pasig_Area8_IMG720.jpg,2984686,979832,0.2487,Moderate Growth
Pasig_Area8_IMG721.jpg,2091752,719070,0.1743,Moderate Growth
Pasig_Area8_IMG722.jpg,2766071,1051595,0.2305,Moderate Growth
Pasig_Area8_IMG723.jpg,1798123,985868,0.1498,Low Growth
Pasig_Area8_IMG724.jpg,2576409,1291089,0.2147,Moderate Growth
Pasig_Area8_IMG725.jpg,2584244,1262814,0.2154,Moderate Growth
Pasig_Area8_IMG726.jpg,2015196,1679340,0.1679,Moderate Growth
Pasig_Area8_IMG727.jpg,1772547,1378696,0.1477,Low Growth
Pasig_Area8_IMG728.jpg,2515030,1124696,0.2096,Moderate Growth
Pasig_Area8_IMG729.jpg,2679667,1255280,0.2233,Moderate Growth
Pasig_Area8_IMG730.jpg,2849024,1400530,0.2374,Moderate Growth
Pasig_Area8_IMG731.jpg,2719673,1231828,0.2266,Moderate Growth
Pasig_Area8_IMG732.jpg,2126081,740372,0.1772,Moderate Growth
Pasig_Area8_IMG733.jpg,3746014,2416,0.3122,Moderate Growth
Pasig_Area8_IMG734.jpg,2688197,27442,0.2240,Moderate Growth
Pasig_Area8_IMG735.jpg,2367064,51294,0.1973,Moderate Growth
Pasig_Area8_IMG736.jpg,3040896,324129,0.2534,Moderate Growth
Pasig_Area8_IMG737.jpg,2984815,646054,0.2487,Moderate Growth
Pasig_Area8_IMG738.jpg,2350658,15214,0.1959,Moderate Growth
Pasig_Area8_IMG739.jpg,2911948,605088,0.2427,Moderate Growth
Pasig_Area8_IMG740.jpg,1512117,26241,0.1260,Low Growth
Pasig_Area8_IMG741.jpg,1460894,3613,0.1217,Low Growth
Pasig_Area8_IMG742.jpg,1490833,2859,0.1242,Low Growth
Pasig_Area8_IMG743.jpg,2025306,1252,0.1688,Moderate Growth
Pasig_Area8_IMG744.jpg,1558938,3358,0.1299,Low Growth
Pasig_Area8_IMG745.jpg,2699689,570876,0.2250,Moderate Growth
Pasig_Area8_IMG746.jpg,2909369,1169398,0.2424,Moderate Growth
Pasig_Area8_IMG747.jpg,2836279,1355274,0.2364,Moderate Growth
Pasig_Area8_IMG748.jpg,954227,368856,0.1194,Low Growth
Pasig_Area8_IMG749.jpg,1675677,224387,0.1052,Low Growth
Pasig_Area8_IMG750.jpg,1119500,184422,0.0703,Low Growth
Pasig_Area8_IMG751.jpg,1108357,161495,0.0696,Low Growth
Pasig_Area8_IMG752.jpg,1092894,167602,0.0686,Low Growth
Pasig_Area8_IMG753.jpg,2366678,1838946,0.1972,Moderate Growth
Pasig_Area8_IMG754.jpg,4014203,1392544,0.3345,Moderate Growth
Pasig_Area8_IMG755.jpg,2710291,1684175,0.2259,Moderate Growth
Pasig_Area8_IMG756.jpg,2935025,1257902,0.2446,Moderate Growth
Pasig_Area8_IMG757.jpg,2421752,1371130,0.2018,Moderate Growth
Pasig_Area8_IMG758.jpg,3809990,1116091,0.3175,Moderate Growth
Pasig_Area8_IMG759.jpg,4016745,911397,0.3347,Moderate Growth
Pasig_Area8_IMG760.jpg,3654542,1135222,0.3045,Moderate Growth
Pasig_Area8_IMG761.jpg,3852729,674875,0.3211,Moderate Growth
Pasig_Area8_IMG762.jpg,3414172,325303,0.2845,Moderate Growth
Pasig_Area8_IMG763.jpg,2602501,557865,0.2169,Moderate Growth
Pasig_Area8_IMG764.jpg,2621080,1221322,0.2184,Moderate Growth
Pasig_Area8_IMG765.jpg,4008736,642100,0.3341,Moderate Growth
Pasig_Area8_IMG766.jpg,2421069,783889,0.2018,Moderate Growth
Pasig_Area8_IMG767.jpg,3785977,966051,0.3155,Moderate Growth
Pasig_Area8_IMG768.jpg,3299081,1256990,0.2749,Moderate Growth
Pasig_Area8_IMG769.jpg,3639192,902482,0.3033,Moderate Growth
Pasig_Area8_IMG770.jpg,3219800,630258,0.2683,Moderate Growth
Pasig_Area8_IMG771.jpg,3188940,620798,0.2657,Moderate Growth
Pasig_Area8_IMG772.jpg,2946501,1231476,0.2455,Moderate Growth
Pasig_Area8_IMG773.jpg,2879544,1192732,0.2400,Moderate Growth
Pasig_Area8_IMG774.jpg,2578136,600348,0.2148,Moderate Growth
Pasig_Area8_IMG775.jpg,3171467,803688,0.2643,Moderate Growth
Pasig_Area8_IMG776.jpg,2351707,992999,0.1960,Moderate Growth
Pasig_Area8_IMG777.jpg,2862250,1396284,0.2385,Moderate Growth
Pasig_Area8_IMG778.jpg,288890,0,0.0241,No Growth
Pasig_Area8_IMG779.jpg,147048,180,0.0123,No Growth
Pasig_Area9_IMG780.jpg,4340481,30944,0.3617,Moderate Growth
Pasig_Area9_IMG781.jpg,4321303,12379,0.3601,Moderate Growth
Pasig_Area9_IMG782.jpg,4576758,17243,0.3814,Moderate Growth
Pasig_Area9_IMG783.jpg,1609277,3892,0.1341,Low Growth
Pasig_Area9_IMG784.jpg,809437,25487,0.0675,Low Growth
Pasig_Area9_IMG785.jpg,743715,581,0.0620,Low Growth
Pasig_Area9_IMG786.jpg,656597,68927,0.0547,Low Growth
Pasig_Area9_IMG787.jpg,1449092,3549,0.1208,Low Growth
Pasig_Area9_IMG788.jpg,2037908,17192,0.1698,Moderate Growth
Pasig_Area9_IMG789.jpg,1007976,202891,0.0840,Low Growth
Pasig_Area9_IMG790.jpg,273,0,0.0000,No Growth
Pasig_Area9_IMG791.jpg,604813,75214,0.0380,No Growth
Pasig_Area9_IMG792.jpg,598780,206693,0.0376,No Growth
Pasig_Area9_IMG793.jpg,468434,83674,0.0294,No Growth
Pasig_Area9_IMG794.jpg,524457,269,0.0329,No Growth
